# Default language entrypoint
/  /en  302

# Remove River view (legacy URLs)
/en/river  /en/oracle  301
/en/river/*  /en/oracle  301
/es/river  /es/oracle  301
/es/river/*  /es/oracle  301
/fr/river  /fr/oracle  301
/fr/river/*  /fr/oracle  301
/fa/river  /fa/oracle  301
/fa/river/*  /fa/oracle  301

# v1 URL compatibility — preserve all existing routes
/papers  /en/papers  301
/papers/*  /en/papers/:splat  301
/books  /en/books  301
/books/*  /en/books/:splat  301
/concepts  /en/concepts  301
/concepts/*  /en/concepts/:splat  301
/topics  /en/topics  301
/topics/*  /en/topics/:splat  301
/formula/lambda-field  /en/papers/FRC-100-007  301
/formula/coherence  /en/papers/FRC-566-001  301
/formulas  /en/formulas  301
/for-ai  /llms.txt  301
/for-machines  /llms.txt  301
/about  /en/about  301
/start-here  /en/start-here  301
/join  /en/join  301
/oracle  /en/oracle  301
/investors  /en/investors  301
/builders  /en/builders  301
/pitch  /en/pitch  301
/positioning  /en/positioning  301
/mu-levels  /en/mu-levels  301
/contact  /en/contact  301
/ai-awakening  /en/articles/ai-awakening  301
/blog  /en/blog  301
/blog/*  /en/blog/:splat  301
/articles  /en/articles  301
/articles/*  /en/articles/:splat  301
/infographics  /en/tags/infographics  301
/infographics/*  /en/tags/infographics  301
/api/papers  /en/papers  301
/api/papers/*  /en/papers  301
/api/concepts  /en/concepts  301
/api/concepts/*  /en/concepts  301
/api/graph  /en/graph  301
/api/graph/*  /en/graph  301
